USE `SoftwareCompanyDB`;

INSERT INTO Person (ssn, name, age, date_of_birth, degree) VALUES (20, "Robert Freeman", 23, "06/17/1997", "Applied Mathematics, AA"), (89, "Romeo Freeman", 15, "10/10/2000", "Advanced Barking"),(45, "Billy", 4, "6/8/2008", "degree");
INSERT INTO Account (person, email, balance) VALUES (1, "rob@example.com", 100.97), (2, "bob@thisexample.com", 98.7), (3, "user@example.com", 98.6) ;
INSERT INTO Registered_User(person, username, password) VALUES (1, "sgsa", "dafa"), (2, "sfaa", "agf"), (3, "AVD", "Ac");
INSERT INTO Address(billing, shipping) VALUES ("BS", "SG"), ("sdg", "sg"), ("Sg", "sgedg");
INSERT INTO User_Address(registered_user, address) VALUES (1, 1), (2, 2), (3, 3);
INSERT INTO Client( registered_user, complaint, purchase, receipt) VALUES (1, 1, "p", "r"), (2, 2, "p", "r"), (3, 3, "p", "r");
INSERT INTO Complaint( description, resolved, client) VALUES ("sdgfs", 0, 1),("sdgfs", 0, 2),("sdgfs", 0, 3);
INSERT INTO Employee(registered_user, uniform, employed) VALUES (1, "heal", 1),(2,"fs", 0),(3, "sb", 1);
INSERT INTO Office(rent, utilities, maintenance) VALUES (45.8, 7.7, .6), (45.8, 7.7, .6), (45.8, 7.7, .6);
INSERT INTO Computer(office, company, client, personal) VALUES (1, "rg", "gf", 0), (2, "rg", "gf", 0), (3, "rg", "gf", 0);
INSERT INTO Desk(employee, computer, office) VALUES (1, 1, 1), (2, 2, 2), (3, 3, 3);
INSERT INTO Benefits( employee, medical, dental) VALUES (1, 42.0, 34.5), (2, 445, 3), (3, 22, 4);
INSERT INTO Bonus(employee, signing, holiday) VALUES (1, 42.0, 34.5), (2, 445, 3), (3, 22, 4);
INSERT INTO Pay( employee, hours, salary, wage) VALUES (1, 42.0, 34.5, 45), (2, 445, 3, 76), (3, 22, 4, 390);
INSERT INTO Tax (tax_id, property, sales, employment) VALUES (1, .00, .87,.99),(2,.00, .87,.99),(3,.00, .87,.99);
INSERT INTO Supplies (supplies_id, office, furnishings) VALUES (1, "supply" ,"demand" ), (2,"supply" ,"demand" ),(3,"supply" ,"demand" );
INSERT INTO Supplies_Tax (supplies, tax) VALUES (1, 1), (2, 2), (3, 3);
INSERT INTO Product (current_version, version) VALUES ("1.0.0" ,"1.1" ),("1.0.0" ,"1.1" ),("1.0.0" ,"1.1" );
INSERT INTO Ad (title, expenditure) VALUES ("Tile", 3), ("Ttle", 2), ("Title", 32);
INSERT INTO Website(product_page, homepage) VALUES ("sbs", "sg"), ("sbs", "sg"), ("sbs", "sg");
INSERT INTO Host(website, ad) VALUES (1, 1), (2, 2), (3, 3);
INSERT INTO Product_Advertisement (product, ad) VALUES (1, 1), (2, 2), (3, 3);
INSERT INTO Product_Tax(product, tax) VALUES (1, 1), (2, 2), (3, 3);
INSERT INTO Sale (description, time, department)  VALUES ("A", '20100301', 1 ), ("A", '20100301', 2 ), ("A", '20100301', 3 );
INSERT INTO Product_Sale(product, sale) VALUES (1, 1), (2, 2), (3, 3);
INSERT INTO IT_Service_Order (notes, total) VALUES ("Note", 40.6), ("Note", 0.9), ("Note", 87.0);
INSERT INTO IT_Sales (service_order, sale) VALUES (1,1), (2,2), (3,3);
INSERT INTO Software_As_a_Service (reissue_date, subscription_number, expiration_date) VALUES ("2114", "s5rb", 5),("2114", "sgr2fb", 5),("2114", "scgrb", 5);
INSERT INTO Subscription_Sale (software_as_a_service, sale) VALUES (1,1), (2,2), (3,3);
INSERT INTO Department (accounts_and_finance, research_and_development, sales_and_marketing, it_services, human_resources) VALUES (1,0,1,0,1), (1,0,1,0,1), (1,0,1,0,1);
INSERT INTO Department_Sale (department, sale) VALUES (1,1), (2,2), (3,3);